DateCd,CompanyCd,CompanyNm,KaishaBumonCd,KaishaBumonNm,Uriage_S
20240710,1000,株式会社マツモトキヨシ,001,医薬品,1000
20240710,1000,株式会社マツモトキヨシ,002,調剤,2000
20240710,1000,株式会社マツモトキヨシ,003,化粧品,3000
20240710,1000,株式会社マツモトキヨシ,004,日用品,4000
20240710,1000,株式会社マツモトキヨシ,005,食品,5000
20240710,1510,株式会社マツモトキヨシ東日本販売,001,医薬品,1000
20240710,1510,株式会社マツモトキヨシ東日本販売,002,調剤,2000
20240710,1510,株式会社マツモトキヨシ東日本販売,003,化粧品,3000
20240710,1510,株式会社マツモトキヨシ東日本販売,004,日用品,4000
20240710,1510,株式会社マツモトキヨシ東日本販売,005,食品,5000
20240710,2000,株式会社ココカラファインヘルスケア,001,医薬品,
20240710,2000,株式会社ココカラファインヘルスケア,002,調剤,
20240710,2000,株式会社ココカラファインヘルスケア,003,化粧品,
20240710,2000,株式会社ココカラファインヘルスケア,004,日用品,
20240710,2000,株式会社ココカラファインヘルスケア,005,食品,
20240710,2010,株式会社マツモトキヨシ甲信越販売,001,医薬品,
20240710,2010,株式会社マツモトキヨシ甲信越販売,002,調剤,
20240710,2010,株式会社マツモトキヨシ甲信越販売,003,化粧品,
20240710,2010,株式会社マツモトキヨシ甲信越販売,004,日用品,
20240710,2010,株式会社マツモトキヨシ甲信越販売,005,食品,
20240710,2030,株式会社ぱぱす,001,医薬品,
20240710,2030,株式会社ぱぱす,002,調剤,
20240710,2030,株式会社ぱぱす,003,化粧品,
20240710,2030,株式会社ぱぱす,004,日用品,
20240710,2030,株式会社ぱぱす,005,食品,
20240710,2080,株式会社マツモトキヨシ九州販売,001,医薬品,
20240710,2080,株式会社マツモトキヨシ九州販売,003,化粧品,
20240710,2080,株式会社マツモトキヨシ九州販売,004,日用品,
20240710,2080,株式会社マツモトキヨシ九州販売,005,食品,
20240710,2140,株式会社マツモトキヨシ中四国販売,001,医薬品,
20240710,2140,株式会社マツモトキヨシ中四国販売,002,調剤,
20240710,2140,株式会社マツモトキヨシ中四国販売,003,化粧品,
20240710,2140,株式会社マツモトキヨシ中四国販売,004,日用品,
20240710,2140,株式会社マツモトキヨシ中四国販売,005,食品,
20240710,2510,株式会社ＣＦＩＺ,001,医薬品,
20240710,2510,株式会社ＣＦＩＺ,003,化粧品,
20240710,2510,株式会社ＣＦＩＺ,004,日用品,
20240710,2510,株式会社ＣＦＩＺ,005,食品,
20240710,5010,株式会社京急ストア,001,医薬品,
20240710,5010,株式会社京急ストア,003,化粧品,
20240710,5010,株式会社京急ストア,004,日用品,
20240710,5010,株式会社京急ストア,005,食品,
20240710,5040,株式会社サンエー,001,医薬品,
20240710,5040,株式会社サンエー,003,化粧品,
20240710,5040,株式会社サンエー,004,日用品,
20240710,5040,株式会社サンエー,005,食品,
20240710,5120,島根県農業協同組合,001,医薬品,
20240710,5120,島根県農業協同組合,003,化粧品,
20240710,5120,島根県農業協同組合,004,日用品,
20240710,5120,島根県農業協同組合,005,食品,
20240710,5220,株式会社ヤスイ,001,医薬品,
20240710,5220,株式会社ヤスイ,003,化粧品,
20240710,5220,株式会社ヤスイ,004,日用品,
20240710,5220,株式会社ヤスイ,005,食品,
20240710,5270,株式会社遠鉄ストア,001,医薬品,
20240710,5270,株式会社遠鉄ストア,003,化粧品,
20240710,5270,株式会社遠鉄ストア,004,日用品,
20240710,5270,株式会社遠鉄ストア,005,食品,
20240710,5310,株式会社フード福井,001,医薬品,
20240710,5310,株式会社フード福井,003,化粧品,
20240710,5310,株式会社フード福井,004,日用品,
20240710,5310,株式会社フード福井,005,食品,
20240710,5320,株式会社ウィズハート,001,医薬品,
20240710,5320,株式会社ウィズハート,003,化粧品,
20240710,5320,株式会社ウィズハート,004,日用品,
20240710,5320,株式会社ウィズハート,005,食品,
20240710,5340,株式会社京成ストア,001,医薬品,
20240710,5340,株式会社京成ストア,003,化粧品,
20240710,5340,株式会社京成ストア,004,日用品,
20240710,5340,株式会社京成ストア,005,食品,
20240710,5350,株式会社東急ストア,001,医薬品,
20240710,5350,株式会社東急ストア,003,化粧品,
20240710,5350,株式会社東急ストア,004,日用品,
20240710,5350,株式会社東急ストア,005,食品,
20240710,5360,株式会社京王ストア,001,医薬品,
20240710,5360,株式会社京王ストア,003,化粧品,
20240710,5360,株式会社京王ストア,004,日用品,
20240710,5360,株式会社京王ストア,005,食品,
20240710,5370,東京シティ・エアターミナル株式会社,001,医薬品,
20240710,5370,東京シティ・エアターミナル株式会社,003,化粧品,
20240710,5370,東京シティ・エアターミナル株式会社,004,日用品,
20240710,5370,東京シティ・エアターミナル株式会社,005,食品,
20240710,5490,サンテラス株式会社,001,医薬品,
20240710,5490,サンテラス株式会社,003,化粧品,
20240710,5490,サンテラス株式会社,004,日用品,
20240710,5490,サンテラス株式会社,005,食品,
20240710,5994,新和観光株式会社,001,医薬品,
20240710,5994,新和観光株式会社,003,化粧品,
20240710,5994,新和観光株式会社,004,日用品,
20240710,5994,新和観光株式会社,005,食品,
20240710,7335,株式会社遠鉄ストア（調剤ＳＰ）,001,医薬品,
20240710,7335,株式会社遠鉄ストア（調剤ＳＰ）,004,日用品,
20240710,7367,株式会社遠鉄ストア（調剤ＳＰＡ）,001,医薬品,
20240711,1000,株式会社マツモトキヨシ,001,医薬品,
20240711,1000,株式会社マツモトキヨシ,002,調剤,
20240711,1000,株式会社マツモトキヨシ,003,化粧品,
20240711,1000,株式会社マツモトキヨシ,004,日用品,
20240711,1000,株式会社マツモトキヨシ,005,食品,
20240711,1510,株式会社マツモトキヨシ東日本販売,001,医薬品,
20240711,1510,株式会社マツモトキヨシ東日本販売,003,化粧品,
20240711,1510,株式会社マツモトキヨシ東日本販売,004,日用品,
20240711,1510,株式会社マツモトキヨシ東日本販売,005,食品,
20240711,2000,株式会社ココカラファインヘルスケア,001,医薬品,
20240711,2000,株式会社ココカラファインヘルスケア,002,調剤,
20240711,2000,株式会社ココカラファインヘルスケア,003,化粧品,
20240711,2000,株式会社ココカラファインヘルスケア,004,日用品,
20240711,2000,株式会社ココカラファインヘルスケア,005,食品,
20240711,2010,株式会社マツモトキヨシ甲信越販売,001,医薬品,
20240711,2010,株式会社マツモトキヨシ甲信越販売,002,調剤,
20240711,2010,株式会社マツモトキヨシ甲信越販売,003,化粧品,
20240711,2010,株式会社マツモトキヨシ甲信越販売,004,日用品,
20240711,2010,株式会社マツモトキヨシ甲信越販売,005,食品,
20240711,2030,株式会社ぱぱす,001,医薬品,
20240711,2030,株式会社ぱぱす,002,調剤,
20240711,2030,株式会社ぱぱす,003,化粧品,
20240711,2030,株式会社ぱぱす,004,日用品,
20240711,2030,株式会社ぱぱす,005,食品,
20240711,2080,株式会社マツモトキヨシ九州販売,001,医薬品,
20240711,2080,株式会社マツモトキヨシ九州販売,003,化粧品,
20240711,2080,株式会社マツモトキヨシ九州販売,004,日用品,
20240711,2080,株式会社マツモトキヨシ九州販売,005,食品,
20240711,2140,株式会社マツモトキヨシ中四国販売,001,医薬品,
20240711,2140,株式会社マツモトキヨシ中四国販売,002,調剤,
20240711,2140,株式会社マツモトキヨシ中四国販売,003,化粧品,
20240711,2140,株式会社マツモトキヨシ中四国販売,004,日用品,
20240711,2140,株式会社マツモトキヨシ中四国販売,005,食品,
20240711,2510,株式会社ＣＦＩＺ,001,医薬品,
20240711,2510,株式会社ＣＦＩＺ,003,化粧品,
20240711,2510,株式会社ＣＦＩＺ,004,日用品,
20240711,2510,株式会社ＣＦＩＺ,005,食品,
20240711,5010,株式会社京急ストア,001,医薬品,
20240711,5010,株式会社京急ストア,003,化粧品,
20240711,5010,株式会社京急ストア,004,日用品,
20240711,5010,株式会社京急ストア,005,食品,
20240711,5040,株式会社サンエー,001,医薬品,
20240711,5040,株式会社サンエー,003,化粧品,
20240711,5040,株式会社サンエー,004,日用品,
20240711,5040,株式会社サンエー,005,食品,
20240711,5120,島根県農業協同組合,001,医薬品,
20240711,5120,島根県農業協同組合,003,化粧品,
20240711,5120,島根県農業協同組合,004,日用品,
20240711,5120,島根県農業協同組合,005,食品,
20240711,5220,株式会社ヤスイ,001,医薬品,
20240711,5220,株式会社ヤスイ,003,化粧品,
20240711,5220,株式会社ヤスイ,004,日用品,
20240711,5220,株式会社ヤスイ,005,食品,
20240711,5270,株式会社遠鉄ストア,001,医薬品,
20240711,5270,株式会社遠鉄ストア,003,化粧品,
20240711,5270,株式会社遠鉄ストア,004,日用品,
20240711,5270,株式会社遠鉄ストア,005,食品,
20240711,5310,株式会社フード福井,001,医薬品,
20240711,5310,株式会社フード福井,003,化粧品,
20240711,5310,株式会社フード福井,004,日用品,
20240711,5310,株式会社フード福井,005,食品,
20240711,5320,株式会社ウィズハート,001,医薬品,
20240711,5320,株式会社ウィズハート,003,化粧品,
20240711,5320,株式会社ウィズハート,004,日用品,
20240711,5320,株式会社ウィズハート,005,食品,
20240711,5340,株式会社京成ストア,001,医薬品,
20240711,5340,株式会社京成ストア,003,化粧品,
20240711,5340,株式会社京成ストア,004,日用品,
20240711,5340,株式会社京成ストア,005,食品,
20240711,5350,株式会社東急ストア,001,医薬品,
20240711,5350,株式会社東急ストア,003,化粧品,
20240711,5350,株式会社東急ストア,004,日用品,
20240711,5350,株式会社東急ストア,005,食品,
20240711,5360,株式会社京王ストア,001,医薬品,
20240711,5360,株式会社京王ストア,003,化粧品,
20240711,5360,株式会社京王ストア,004,日用品,
20240711,5360,株式会社京王ストア,005,食品,
20240711,5370,東京シティ・エアターミナル株式会社,001,医薬品,
20240711,5370,東京シティ・エアターミナル株式会社,003,化粧品,
20240711,5370,東京シティ・エアターミナル株式会社,004,日用品,
20240711,5370,東京シティ・エアターミナル株式会社,005,食品,
20240711,5490,サンテラス株式会社,001,医薬品,
20240711,5490,サンテラス株式会社,003,化粧品,
20240711,5490,サンテラス株式会社,004,日用品,
20240711,5490,サンテラス株式会社,005,食品,
20240711,5994,新和観光株式会社,001,医薬品,
20240711,5994,新和観光株式会社,003,化粧品,
20240711,5994,新和観光株式会社,004,日用品,
20240711,5994,新和観光株式会社,005,食品,
20240711,7335,株式会社遠鉄ストア（調剤ＳＰ）,001,医薬品,
20240711,7335,株式会社遠鉄ストア（調剤ＳＰ）,004,日用品,
20240711,7367,株式会社遠鉄ストア（調剤ＳＰＡ）,001,医薬品,
20240711,7367,株式会社遠鉄ストア（調剤ＳＰＡ）,004,日用品,
20240712,1000,株式会社マツモトキヨシ,001,医薬品,
20240712,1000,株式会社マツモトキヨシ,002,調剤,
20240712,1000,株式会社マツモトキヨシ,003,化粧品,
20240712,1000,株式会社マツモトキヨシ,004,日用品,
20240712,1000,株式会社マツモトキヨシ,005,食品,
20240712,1510,株式会社マツモトキヨシ東日本販売,001,医薬品,
20240712,1510,株式会社マツモトキヨシ東日本販売,002,調剤,
20240712,1510,株式会社マツモトキヨシ東日本販売,003,化粧品,
20240712,1510,株式会社マツモトキヨシ東日本販売,004,日用品,
20240712,1510,株式会社マツモトキヨシ東日本販売,005,食品,
20240712,2000,株式会社ココカラファインヘルスケア,001,医薬品,
20240712,2000,株式会社ココカラファインヘルスケア,002,調剤,
20240712,2000,株式会社ココカラファインヘルスケア,003,化粧品,
20240712,2000,株式会社ココカラファインヘルスケア,004,日用品,
20240712,2000,株式会社ココカラファインヘルスケア,005,食品,
20240712,2010,株式会社マツモトキヨシ甲信越販売,001,医薬品,
20240712,2010,株式会社マツモトキヨシ甲信越販売,002,調剤,
20240712,2010,株式会社マツモトキヨシ甲信越販売,003,化粧品,
20240712,2010,株式会社マツモトキヨシ甲信越販売,004,日用品,
20240712,2010,株式会社マツモトキヨシ甲信越販売,005,食品,
20240712,2030,株式会社ぱぱす,001,医薬品,
20240712,2030,株式会社ぱぱす,002,調剤,
20240712,2030,株式会社ぱぱす,003,化粧品,
20240712,2030,株式会社ぱぱす,004,日用品,
20240712,2030,株式会社ぱぱす,005,食品,
20240712,2080,株式会社マツモトキヨシ九州販売,001,医薬品,
20240712,2080,株式会社マツモトキヨシ九州販売,003,化粧品,
20240712,2080,株式会社マツモトキヨシ九州販売,004,日用品,
20240712,2080,株式会社マツモトキヨシ九州販売,005,食品,
20240712,2140,株式会社マツモトキヨシ中四国販売,001,医薬品,
20240712,2140,株式会社マツモトキヨシ中四国販売,002,調剤,
20240712,2140,株式会社マツモトキヨシ中四国販売,003,化粧品,
20240712,2140,株式会社マツモトキヨシ中四国販売,004,日用品,
20240712,2140,株式会社マツモトキヨシ中四国販売,005,食品,
20240712,2510,株式会社ＣＦＩＺ,001,医薬品,
20240712,2510,株式会社ＣＦＩＺ,003,化粧品,
20240712,2510,株式会社ＣＦＩＺ,004,日用品,
20240712,2510,株式会社ＣＦＩＺ,005,食品,
20240712,5010,株式会社京急ストア,001,医薬品,
20240712,5010,株式会社京急ストア,003,化粧品,
20240712,5010,株式会社京急ストア,004,日用品,
20240712,5010,株式会社京急ストア,005,食品,
20240712,5040,株式会社サンエー,001,医薬品,
20240712,5040,株式会社サンエー,003,化粧品,
20240712,5040,株式会社サンエー,004,日用品,
20240712,5040,株式会社サンエー,005,食品,
20240712,5120,島根県農業協同組合,001,医薬品,
20240712,5120,島根県農業協同組合,003,化粧品,
20240712,5120,島根県農業協同組合,004,日用品,
20240712,5120,島根県農業協同組合,005,食品,
20240712,5220,株式会社ヤスイ,001,医薬品,
20240712,5220,株式会社ヤスイ,003,化粧品,
20240712,5220,株式会社ヤスイ,004,日用品,
20240712,5220,株式会社ヤスイ,005,食品,
20240712,5270,株式会社遠鉄ストア,001,医薬品,
20240712,5270,株式会社遠鉄ストア,003,化粧品,
20240712,5270,株式会社遠鉄ストア,004,日用品,
20240712,5270,株式会社遠鉄ストア,005,食品,
20240712,5310,株式会社フード福井,001,医薬品,
20240712,5310,株式会社フード福井,003,化粧品,
20240712,5310,株式会社フード福井,004,日用品,
20240712,5310,株式会社フード福井,005,食品,
20240712,5320,株式会社ウィズハート,001,医薬品,
20240712,5320,株式会社ウィズハート,003,化粧品,
20240712,5320,株式会社ウィズハート,004,日用品,
20240712,5320,株式会社ウィズハート,005,食品,
20240712,5340,株式会社京成ストア,001,医薬品,
20240712,5340,株式会社京成ストア,003,化粧品,
20240712,5340,株式会社京成ストア,004,日用品,
20240712,5340,株式会社京成ストア,005,食品,
20240712,5350,株式会社東急ストア,001,医薬品,
20240712,5350,株式会社東急ストア,003,化粧品,
20240712,5350,株式会社東急ストア,004,日用品,
20240712,5350,株式会社東急ストア,005,食品,
20240712,5360,株式会社京王ストア,001,医薬品,
20240712,5360,株式会社京王ストア,003,化粧品,
20240712,5360,株式会社京王ストア,004,日用品,
20240712,5360,株式会社京王ストア,005,食品,
20240712,5370,東京シティ・エアターミナル株式会社,001,医薬品,
20240712,5370,東京シティ・エアターミナル株式会社,003,化粧品,
20240712,5370,東京シティ・エアターミナル株式会社,004,日用品,
20240712,5370,東京シティ・エアターミナル株式会社,005,食品,
20240712,5490,サンテラス株式会社,001,医薬品,
20240712,5490,サンテラス株式会社,003,化粧品,
20240712,5490,サンテラス株式会社,004,日用品,
20240712,5490,サンテラス株式会社,005,食品,
20240712,5994,新和観光株式会社,001,医薬品,
20240712,5994,新和観光株式会社,003,化粧品,
20240712,5994,新和観光株式会社,004,日用品,
20240712,5994,新和観光株式会社,005,食品,
20240712,7335,株式会社遠鉄ストア（調剤ＳＰ）,001,医薬品,
20240712,7335,株式会社遠鉄ストア（調剤ＳＰ）,003,化粧品,
20240712,7335,株式会社遠鉄ストア（調剤ＳＰ）,004,日用品,
20240712,7367,株式会社遠鉄ストア（調剤ＳＰＡ）,001,医薬品,
20240712,7367,株式会社遠鉄ストア（調剤ＳＰＡ）,004,日用品,
20240713,1000,株式会社マツモトキヨシ,001,医薬品,
20240713,1000,株式会社マツモトキヨシ,002,調剤,
20240713,1000,株式会社マツモトキヨシ,003,化粧品,
20240713,1000,株式会社マツモトキヨシ,004,日用品,
20240713,1000,株式会社マツモトキヨシ,005,食品,
20240713,1510,株式会社マツモトキヨシ東日本販売,001,医薬品,
20240713,1510,株式会社マツモトキヨシ東日本販売,002,調剤,
20240713,1510,株式会社マツモトキヨシ東日本販売,003,化粧品,
20240713,1510,株式会社マツモトキヨシ東日本販売,004,日用品,
20240713,1510,株式会社マツモトキヨシ東日本販売,005,食品,
20240713,2000,株式会社ココカラファインヘルスケア,001,医薬品,
20240713,2000,株式会社ココカラファインヘルスケア,002,調剤,
20240713,2000,株式会社ココカラファインヘルスケア,003,化粧品,
20240713,2000,株式会社ココカラファインヘルスケア,004,日用品,
20240713,2000,株式会社ココカラファインヘルスケア,005,食品,
20240713,2010,株式会社マツモトキヨシ甲信越販売,001,医薬品,
20240713,2010,株式会社マツモトキヨシ甲信越販売,002,調剤,
20240713,2010,株式会社マツモトキヨシ甲信越販売,003,化粧品,
20240713,2010,株式会社マツモトキヨシ甲信越販売,004,日用品,
20240713,2010,株式会社マツモトキヨシ甲信越販売,005,食品,
20240713,2030,株式会社ぱぱす,001,医薬品,
20240713,2030,株式会社ぱぱす,002,調剤,
20240713,2030,株式会社ぱぱす,003,化粧品,
20240713,2030,株式会社ぱぱす,004,日用品,
20240713,2030,株式会社ぱぱす,005,食品,
20240713,2080,株式会社マツモトキヨシ九州販売,001,医薬品,
20240713,2080,株式会社マツモトキヨシ九州販売,003,化粧品,
20240713,2080,株式会社マツモトキヨシ九州販売,004,日用品,
20240713,2080,株式会社マツモトキヨシ九州販売,005,食品,
20240713,2140,株式会社マツモトキヨシ中四国販売,001,医薬品,
20240713,2140,株式会社マツモトキヨシ中四国販売,002,調剤,
20240713,2140,株式会社マツモトキヨシ中四国販売,003,化粧品,
20240713,2140,株式会社マツモトキヨシ中四国販売,004,日用品,
20240713,2140,株式会社マツモトキヨシ中四国販売,005,食品,
20240713,2510,株式会社ＣＦＩＺ,001,医薬品,
20240713,2510,株式会社ＣＦＩＺ,003,化粧品,
20240713,2510,株式会社ＣＦＩＺ,004,日用品,
20240713,2510,株式会社ＣＦＩＺ,005,食品,
20240713,5010,株式会社京急ストア,001,医薬品,
20240713,5010,株式会社京急ストア,003,化粧品,
20240713,5010,株式会社京急ストア,004,日用品,
20240713,5010,株式会社京急ストア,005,食品,
20240713,5040,株式会社サンエー,001,医薬品,
20240713,5040,株式会社サンエー,003,化粧品,
20240713,5040,株式会社サンエー,004,日用品,
20240713,5040,株式会社サンエー,005,食品,
20240713,5120,島根県農業協同組合,001,医薬品,
20240713,5120,島根県農業協同組合,003,化粧品,
20240713,5120,島根県農業協同組合,004,日用品,
20240713,5120,島根県農業協同組合,005,食品,
20240713,5220,株式会社ヤスイ,001,医薬品,
20240713,5220,株式会社ヤスイ,003,化粧品,
20240713,5220,株式会社ヤスイ,004,日用品,
20240713,5220,株式会社ヤスイ,005,食品,
20240713,5270,株式会社遠鉄ストア,001,医薬品,
20240713,5270,株式会社遠鉄ストア,003,化粧品,
20240713,5270,株式会社遠鉄ストア,004,日用品,
20240713,5270,株式会社遠鉄ストア,005,食品,
20240713,5310,株式会社フード福井,001,医薬品,
20240713,5310,株式会社フード福井,003,化粧品,
20240713,5310,株式会社フード福井,004,日用品,
20240713,5310,株式会社フード福井,005,食品,
20240713,5320,株式会社ウィズハート,001,医薬品,
20240713,5320,株式会社ウィズハート,003,化粧品,
20240713,5320,株式会社ウィズハート,004,日用品,
20240713,5320,株式会社ウィズハート,005,食品,
20240713,5340,株式会社京成ストア,001,医薬品,
20240713,5340,株式会社京成ストア,003,化粧品,
20240713,5340,株式会社京成ストア,004,日用品,
20240713,5340,株式会社京成ストア,005,食品,
20240713,5350,株式会社東急ストア,001,医薬品,
20240713,5350,株式会社東急ストア,003,化粧品,
20240713,5350,株式会社東急ストア,004,日用品,
20240713,5350,株式会社東急ストア,005,食品,
20240713,5360,株式会社京王ストア,001,医薬品,
20240713,5360,株式会社京王ストア,003,化粧品,
20240713,5360,株式会社京王ストア,004,日用品,
20240713,5360,株式会社京王ストア,005,食品,
20240713,5370,東京シティ・エアターミナル株式会社,001,医薬品,
20240713,5370,東京シティ・エアターミナル株式会社,003,化粧品,
20240713,5370,東京シティ・エアターミナル株式会社,004,日用品,
20240713,5370,東京シティ・エアターミナル株式会社,005,食品,
20240713,5490,サンテラス株式会社,001,医薬品,
20240713,5490,サンテラス株式会社,003,化粧品,
20240713,5490,サンテラス株式会社,004,日用品,
20240713,5490,サンテラス株式会社,005,食品,
20240713,5994,新和観光株式会社,001,医薬品,
20240713,5994,新和観光株式会社,003,化粧品,
20240713,5994,新和観光株式会社,004,日用品,
20240713,5994,新和観光株式会社,005,食品,
20240713,7335,株式会社遠鉄ストア（調剤ＳＰ）,001,医薬品,
20240713,7335,株式会社遠鉄ストア（調剤ＳＰ）,003,化粧品,
20240713,7335,株式会社遠鉄ストア（調剤ＳＰ）,004,日用品,
20240713,7367,株式会社遠鉄ストア（調剤ＳＰＡ）,001,医薬品,
20240714,1000,株式会社マツモトキヨシ,001,医薬品,
20240714,1000,株式会社マツモトキヨシ,002,調剤,
20240714,1000,株式会社マツモトキヨシ,003,化粧品,
20240714,1000,株式会社マツモトキヨシ,004,日用品,
20240714,1000,株式会社マツモトキヨシ,005,食品,
20240714,1510,株式会社マツモトキヨシ東日本販売,001,医薬品,
20240714,1510,株式会社マツモトキヨシ東日本販売,002,調剤,
20240714,1510,株式会社マツモトキヨシ東日本販売,003,化粧品,
20240714,1510,株式会社マツモトキヨシ東日本販売,004,日用品,
20240714,1510,株式会社マツモトキヨシ東日本販売,005,食品,
20240714,2000,株式会社ココカラファインヘルスケア,001,医薬品,
20240714,2000,株式会社ココカラファインヘルスケア,002,調剤,
20240714,2000,株式会社ココカラファインヘルスケア,003,化粧品,
20240714,2000,株式会社ココカラファインヘルスケア,004,日用品,
20240714,2000,株式会社ココカラファインヘルスケア,005,食品,
20240714,2010,株式会社マツモトキヨシ甲信越販売,001,医薬品,
20240714,2010,株式会社マツモトキヨシ甲信越販売,002,調剤,
20240714,2010,株式会社マツモトキヨシ甲信越販売,003,化粧品,
20240714,2010,株式会社マツモトキヨシ甲信越販売,004,日用品,
20240714,2010,株式会社マツモトキヨシ甲信越販売,005,食品,
20240714,2030,株式会社ぱぱす,001,医薬品,
20240714,2030,株式会社ぱぱす,002,調剤,
20240714,2030,株式会社ぱぱす,003,化粧品,
20240714,2030,株式会社ぱぱす,004,日用品,
20240714,2030,株式会社ぱぱす,005,食品,
20240714,2080,株式会社マツモトキヨシ九州販売,001,医薬品,
20240714,2080,株式会社マツモトキヨシ九州販売,003,化粧品,
20240714,2080,株式会社マツモトキヨシ九州販売,004,日用品,
20240714,2080,株式会社マツモトキヨシ九州販売,005,食品,
20240714,2140,株式会社マツモトキヨシ中四国販売,001,医薬品,
20240714,2140,株式会社マツモトキヨシ中四国販売,003,化粧品,
20240714,2140,株式会社マツモトキヨシ中四国販売,004,日用品,
20240714,2140,株式会社マツモトキヨシ中四国販売,005,食品,
20240714,2510,株式会社ＣＦＩＺ,001,医薬品,
20240714,2510,株式会社ＣＦＩＺ,003,化粧品,
20240714,2510,株式会社ＣＦＩＺ,004,日用品,
20240714,2510,株式会社ＣＦＩＺ,005,食品,
20240714,5010,株式会社京急ストア,001,医薬品,
20240714,5010,株式会社京急ストア,003,化粧品,
20240714,5010,株式会社京急ストア,004,日用品,
20240714,5010,株式会社京急ストア,005,食品,
20240714,5040,株式会社サンエー,001,医薬品,
20240714,5040,株式会社サンエー,003,化粧品,
20240714,5040,株式会社サンエー,004,日用品,
20240714,5040,株式会社サンエー,005,食品,
20240714,5120,島根県農業協同組合,001,医薬品,
20240714,5120,島根県農業協同組合,003,化粧品,
20240714,5120,島根県農業協同組合,004,日用品,
20240714,5120,島根県農業協同組合,005,食品,
20240714,5220,株式会社ヤスイ,001,医薬品,
20240714,5220,株式会社ヤスイ,003,化粧品,
20240714,5220,株式会社ヤスイ,004,日用品,
20240714,5220,株式会社ヤスイ,005,食品,
20240714,5270,株式会社遠鉄ストア,001,医薬品,
20240714,5270,株式会社遠鉄ストア,003,化粧品,
20240714,5270,株式会社遠鉄ストア,004,日用品,
20240714,5270,株式会社遠鉄ストア,005,食品,
20240714,5310,株式会社フード福井,001,医薬品,
20240714,5310,株式会社フード福井,003,化粧品,
20240714,5310,株式会社フード福井,004,日用品,
20240714,5310,株式会社フード福井,005,食品,
20240714,5320,株式会社ウィズハート,001,医薬品,
20240714,5320,株式会社ウィズハート,003,化粧品,
20240714,5320,株式会社ウィズハート,004,日用品,
20240714,5320,株式会社ウィズハート,005,食品,
20240714,5340,株式会社京成ストア,001,医薬品,
20240714,5340,株式会社京成ストア,003,化粧品,
20240714,5340,株式会社京成ストア,004,日用品,
20240714,5340,株式会社京成ストア,005,食品,
20240714,5350,株式会社東急ストア,001,医薬品,
20240714,5350,株式会社東急ストア,003,化粧品,
20240714,5350,株式会社東急ストア,004,日用品,
20240714,5350,株式会社東急ストア,005,食品,
20240714,5360,株式会社京王ストア,001,医薬品,
20240714,5360,株式会社京王ストア,003,化粧品,
20240714,5360,株式会社京王ストア,004,日用品,
20240714,5360,株式会社京王ストア,005,食品,
20240714,5370,東京シティ・エアターミナル株式会社,001,医薬品,
20240714,5370,東京シティ・エアターミナル株式会社,003,化粧品,
20240714,5370,東京シティ・エアターミナル株式会社,004,日用品,
20240714,5370,東京シティ・エアターミナル株式会社,005,食品,
20240714,5490,サンテラス株式会社,001,医薬品,
20240714,5490,サンテラス株式会社,003,化粧品,
20240714,5490,サンテラス株式会社,004,日用品,
20240714,5490,サンテラス株式会社,005,食品,
20240714,5994,新和観光株式会社,001,医薬品,
20240714,5994,新和観光株式会社,003,化粧品,
20240714,5994,新和観光株式会社,004,日用品,
20240714,5994,新和観光株式会社,005,食品,
20240715,1000,株式会社マツモトキヨシ,001,医薬品,
20240715,1000,株式会社マツモトキヨシ,002,調剤,
20240715,1000,株式会社マツモトキヨシ,003,化粧品,
20240715,1000,株式会社マツモトキヨシ,004,日用品,
20240715,1000,株式会社マツモトキヨシ,005,食品,
20240715,1510,株式会社マツモトキヨシ東日本販売,001,医薬品,
20240715,1510,株式会社マツモトキヨシ東日本販売,002,調剤,
20240715,1510,株式会社マツモトキヨシ東日本販売,003,化粧品,
20240715,1510,株式会社マツモトキヨシ東日本販売,004,日用品,
20240715,1510,株式会社マツモトキヨシ東日本販売,005,食品,
20240715,2000,株式会社ココカラファインヘルスケア,001,医薬品,
20240715,2000,株式会社ココカラファインヘルスケア,002,調剤,
20240715,2000,株式会社ココカラファインヘルスケア,003,化粧品,
20240715,2000,株式会社ココカラファインヘルスケア,004,日用品,
20240715,2000,株式会社ココカラファインヘルスケア,005,食品,
20240715,2010,株式会社マツモトキヨシ甲信越販売,001,医薬品,
20240715,2010,株式会社マツモトキヨシ甲信越販売,003,化粧品,
20240715,2010,株式会社マツモトキヨシ甲信越販売,004,日用品,
20240715,2010,株式会社マツモトキヨシ甲信越販売,005,食品,
20240715,2030,株式会社ぱぱす,001,医薬品,
20240715,2030,株式会社ぱぱす,003,化粧品,
20240715,2030,株式会社ぱぱす,004,日用品,
20240715,2030,株式会社ぱぱす,005,食品,
20240715,2080,株式会社マツモトキヨシ九州販売,001,医薬品,
20240715,2080,株式会社マツモトキヨシ九州販売,003,化粧品,
20240715,2080,株式会社マツモトキヨシ九州販売,004,日用品,
20240715,2080,株式会社マツモトキヨシ九州販売,005,食品,
20240715,2140,株式会社マツモトキヨシ中四国販売,001,医薬品,
20240715,2140,株式会社マツモトキヨシ中四国販売,003,化粧品,
20240715,2140,株式会社マツモトキヨシ中四国販売,004,日用品,
20240715,2140,株式会社マツモトキヨシ中四国販売,005,食品,
20240715,2510,株式会社ＣＦＩＺ,001,医薬品,
20240715,2510,株式会社ＣＦＩＺ,003,化粧品,
20240715,2510,株式会社ＣＦＩＺ,004,日用品,
20240715,2510,株式会社ＣＦＩＺ,005,食品,
20240715,5010,株式会社京急ストア,001,医薬品,
20240715,5010,株式会社京急ストア,003,化粧品,
20240715,5010,株式会社京急ストア,004,日用品,
20240715,5010,株式会社京急ストア,005,食品,
20240715,5040,株式会社サンエー,001,医薬品,
20240715,5040,株式会社サンエー,003,化粧品,
20240715,5040,株式会社サンエー,004,日用品,
20240715,5040,株式会社サンエー,005,食品,
20240715,5120,島根県農業協同組合,001,医薬品,
20240715,5120,島根県農業協同組合,003,化粧品,
20240715,5120,島根県農業協同組合,004,日用品,
20240715,5120,島根県農業協同組合,005,食品,
20240715,5220,株式会社ヤスイ,001,医薬品,
20240715,5220,株式会社ヤスイ,003,化粧品,
20240715,5220,株式会社ヤスイ,004,日用品,
20240715,5220,株式会社ヤスイ,005,食品,
20240715,5270,株式会社遠鉄ストア,001,医薬品,
20240715,5270,株式会社遠鉄ストア,003,化粧品,
20240715,5270,株式会社遠鉄ストア,004,日用品,
20240715,5270,株式会社遠鉄ストア,005,食品,
20240715,5310,株式会社フード福井,001,医薬品,
20240715,5310,株式会社フード福井,003,化粧品,
20240715,5310,株式会社フード福井,004,日用品,
20240715,5310,株式会社フード福井,005,食品,
20240715,5320,株式会社ウィズハート,001,医薬品,
20240715,5320,株式会社ウィズハート,003,化粧品,
20240715,5320,株式会社ウィズハート,004,日用品,
20240715,5320,株式会社ウィズハート,005,食品,
20240715,5340,株式会社京成ストア,001,医薬品,
20240715,5340,株式会社京成ストア,003,化粧品,
20240715,5340,株式会社京成ストア,004,日用品,
20240715,5340,株式会社京成ストア,005,食品,
20240715,5350,株式会社東急ストア,001,医薬品,
20240715,5350,株式会社東急ストア,003,化粧品,
20240715,5350,株式会社東急ストア,004,日用品,
20240715,5350,株式会社東急ストア,005,食品,
20240715,5360,株式会社京王ストア,001,医薬品,
20240715,5360,株式会社京王ストア,003,化粧品,
20240715,5360,株式会社京王ストア,004,日用品,
20240715,5360,株式会社京王ストア,005,食品,
20240715,5370,東京シティ・エアターミナル株式会社,001,医薬品,
20240715,5370,東京シティ・エアターミナル株式会社,003,化粧品,
20240715,5370,東京シティ・エアターミナル株式会社,004,日用品,
20240715,5370,東京シティ・エアターミナル株式会社,005,食品,
20240715,5490,サンテラス株式会社,001,医薬品,
20240715,5490,サンテラス株式会社,003,化粧品,
20240715,5490,サンテラス株式会社,004,日用品,
20240715,5490,サンテラス株式会社,005,食品,
20240715,5994,新和観光株式会社,001,医薬品,
20240715,5994,新和観光株式会社,003,化粧品,
20240715,5994,新和観光株式会社,004,日用品,
20240715,5994,新和観光株式会社,005,食品,
20240715,7335,株式会社遠鉄ストア（調剤ＳＰ）,001,医薬品,
20240715,7335,株式会社遠鉄ストア（調剤ＳＰ）,003,化粧品,
20240715,7335,株式会社遠鉄ストア（調剤ＳＰ）,004,日用品,
20240716,1000,株式会社マツモトキヨシ,001,医薬品,
20240716,1000,株式会社マツモトキヨシ,002,調剤,
20240716,1000,株式会社マツモトキヨシ,003,化粧品,
20240716,1000,株式会社マツモトキヨシ,004,日用品,
20240716,1000,株式会社マツモトキヨシ,005,食品,
20240716,1510,株式会社マツモトキヨシ東日本販売,001,医薬品,
20240716,1510,株式会社マツモトキヨシ東日本販売,002,調剤,
20240716,1510,株式会社マツモトキヨシ東日本販売,003,化粧品,
20240716,1510,株式会社マツモトキヨシ東日本販売,004,日用品,
20240716,1510,株式会社マツモトキヨシ東日本販売,005,食品,
20240716,2000,株式会社ココカラファインヘルスケア,001,医薬品,
20240716,2000,株式会社ココカラファインヘルスケア,002,調剤,
20240716,2000,株式会社ココカラファインヘルスケア,003,化粧品,
20240716,2000,株式会社ココカラファインヘルスケア,004,日用品,
20240716,2000,株式会社ココカラファインヘルスケア,005,食品,
20240716,2010,株式会社マツモトキヨシ甲信越販売,001,医薬品,
20240716,2010,株式会社マツモトキヨシ甲信越販売,002,調剤,
20240716,2010,株式会社マツモトキヨシ甲信越販売,003,化粧品,
20240716,2010,株式会社マツモトキヨシ甲信越販売,004,日用品,
20240716,2010,株式会社マツモトキヨシ甲信越販売,005,食品,
20240716,2030,株式会社ぱぱす,001,医薬品,
20240716,2030,株式会社ぱぱす,002,調剤,
20240716,2030,株式会社ぱぱす,003,化粧品,
20240716,2030,株式会社ぱぱす,004,日用品,
20240716,2030,株式会社ぱぱす,005,食品,
20240716,2080,株式会社マツモトキヨシ九州販売,001,医薬品,
20240716,2080,株式会社マツモトキヨシ九州販売,003,化粧品,
20240716,2080,株式会社マツモトキヨシ九州販売,004,日用品,
20240716,2080,株式会社マツモトキヨシ九州販売,005,食品,
20240716,2140,株式会社マツモトキヨシ中四国販売,001,医薬品,
20240716,2140,株式会社マツモトキヨシ中四国販売,002,調剤,
20240716,2140,株式会社マツモトキヨシ中四国販売,003,化粧品,
20240716,2140,株式会社マツモトキヨシ中四国販売,004,日用品,
20240716,2140,株式会社マツモトキヨシ中四国販売,005,食品,
20240716,2510,株式会社ＣＦＩＺ,001,医薬品,
20240716,2510,株式会社ＣＦＩＺ,003,化粧品,
20240716,2510,株式会社ＣＦＩＺ,004,日用品,
20240716,2510,株式会社ＣＦＩＺ,005,食品,
20240716,5010,株式会社京急ストア,001,医薬品,
20240716,5010,株式会社京急ストア,003,化粧品,
20240716,5010,株式会社京急ストア,004,日用品,
20240716,5010,株式会社京急ストア,005,食品,
20240716,5040,株式会社サンエー,001,医薬品,
20240716,5040,株式会社サンエー,003,化粧品,
20240716,5040,株式会社サンエー,004,日用品,
20240716,5040,株式会社サンエー,005,食品,
20240716,5120,島根県農業協同組合,001,医薬品,
20240716,5120,島根県農業協同組合,003,化粧品,
20240716,5120,島根県農業協同組合,004,日用品,
20240716,5120,島根県農業協同組合,005,食品,
20240716,5220,株式会社ヤスイ,001,医薬品,
20240716,5220,株式会社ヤスイ,003,化粧品,
20240716,5220,株式会社ヤスイ,004,日用品,
20240716,5220,株式会社ヤスイ,005,食品,
20240716,5270,株式会社遠鉄ストア,001,医薬品,
20240716,5270,株式会社遠鉄ストア,003,化粧品,
20240716,5270,株式会社遠鉄ストア,004,日用品,
20240716,5270,株式会社遠鉄ストア,005,食品,
20240716,5310,株式会社フード福井,001,医薬品,
20240716,5310,株式会社フード福井,003,化粧品,
20240716,5310,株式会社フード福井,004,日用品,
20240716,5310,株式会社フード福井,005,食品,
20240716,5320,株式会社ウィズハート,001,医薬品,
20240716,5320,株式会社ウィズハート,003,化粧品,
20240716,5320,株式会社ウィズハート,004,日用品,
20240716,5320,株式会社ウィズハート,005,食品,
20240716,5340,株式会社京成ストア,001,医薬品,
20240716,5340,株式会社京成ストア,003,化粧品,
20240716,5340,株式会社京成ストア,004,日用品,
20240716,5340,株式会社京成ストア,005,食品,
20240716,5350,株式会社東急ストア,001,医薬品,
20240716,5350,株式会社東急ストア,003,化粧品,
20240716,5350,株式会社東急ストア,004,日用品,
20240716,5350,株式会社東急ストア,005,食品,
20240716,5360,株式会社京王ストア,001,医薬品,
20240716,5360,株式会社京王ストア,003,化粧品,
20240716,5360,株式会社京王ストア,004,日用品,
20240716,5360,株式会社京王ストア,005,食品,
20240716,5370,東京シティ・エアターミナル株式会社,001,医薬品,
20240716,5370,東京シティ・エアターミナル株式会社,003,化粧品,
20240716,5370,東京シティ・エアターミナル株式会社,004,日用品,
20240716,5370,東京シティ・エアターミナル株式会社,005,食品,
20240716,5490,サンテラス株式会社,001,医薬品,
20240716,5490,サンテラス株式会社,003,化粧品,
20240716,5490,サンテラス株式会社,004,日用品,
20240716,5490,サンテラス株式会社,005,食品,
20240716,5994,新和観光株式会社,001,医薬品,
20240716,5994,新和観光株式会社,003,化粧品,
20240716,5994,新和観光株式会社,004,日用品,
20240716,5994,新和観光株式会社,005,食品,
20240716,7335,株式会社遠鉄ストア（調剤ＳＰ）,001,医薬品,
20240716,7335,株式会社遠鉄ストア（調剤ＳＰ）,003,化粧品,
20240716,7335,株式会社遠鉄ストア（調剤ＳＰ）,004,日用品,
20240716,7367,株式会社遠鉄ストア（調剤ＳＰＡ）,001,医薬品,
20240716,7367,株式会社遠鉄ストア（調剤ＳＰＡ）,004,日用品,
20240717,1000,株式会社マツモトキヨシ,001,医薬品,
20240717,1000,株式会社マツモトキヨシ,002,調剤,
20240717,1000,株式会社マツモトキヨシ,003,化粧品,
20240717,1000,株式会社マツモトキヨシ,004,日用品,
20240717,1000,株式会社マツモトキヨシ,005,食品,
20240717,1510,株式会社マツモトキヨシ東日本販売,001,医薬品,
20240717,1510,株式会社マツモトキヨシ東日本販売,002,調剤,
20240717,1510,株式会社マツモトキヨシ東日本販売,003,化粧品,
20240717,1510,株式会社マツモトキヨシ東日本販売,004,日用品,
20240717,1510,株式会社マツモトキヨシ東日本販売,005,食品,
20240717,2000,株式会社ココカラファインヘルスケア,001,医薬品,
20240717,2000,株式会社ココカラファインヘルスケア,002,調剤,
20240717,2000,株式会社ココカラファインヘルスケア,003,化粧品,
20240717,2000,株式会社ココカラファインヘルスケア,004,日用品,
20240717,2000,株式会社ココカラファインヘルスケア,005,食品,
20240717,2010,株式会社マツモトキヨシ甲信越販売,001,医薬品,
20240717,2010,株式会社マツモトキヨシ甲信越販売,002,調剤,
20240717,2010,株式会社マツモトキヨシ甲信越販売,003,化粧品,
20240717,2010,株式会社マツモトキヨシ甲信越販売,004,日用品,
20240717,2010,株式会社マツモトキヨシ甲信越販売,005,食品,
20240717,2030,株式会社ぱぱす,001,医薬品,
20240717,2030,株式会社ぱぱす,002,調剤,
20240717,2030,株式会社ぱぱす,003,化粧品,
20240717,2030,株式会社ぱぱす,004,日用品,
20240717,2030,株式会社ぱぱす,005,食品,
20240717,2080,株式会社マツモトキヨシ九州販売,001,医薬品,
20240717,2080,株式会社マツモトキヨシ九州販売,003,化粧品,
20240717,2080,株式会社マツモトキヨシ九州販売,004,日用品,
20240717,2080,株式会社マツモトキヨシ九州販売,005,食品,
20240717,2140,株式会社マツモトキヨシ中四国販売,001,医薬品,
20240717,2140,株式会社マツモトキヨシ中四国販売,002,調剤,
20240717,2140,株式会社マツモトキヨシ中四国販売,003,化粧品,
20240717,2140,株式会社マツモトキヨシ中四国販売,004,日用品,
20240717,2140,株式会社マツモトキヨシ中四国販売,005,食品,
20240717,2510,株式会社ＣＦＩＺ,001,医薬品,
20240717,2510,株式会社ＣＦＩＺ,003,化粧品,
20240717,2510,株式会社ＣＦＩＺ,004,日用品,
20240717,2510,株式会社ＣＦＩＺ,005,食品,
20240717,5010,株式会社京急ストア,001,医薬品,
20240717,5010,株式会社京急ストア,003,化粧品,
20240717,5010,株式会社京急ストア,004,日用品,
20240717,5010,株式会社京急ストア,005,食品,
20240717,5040,株式会社サンエー,001,医薬品,
20240717,5040,株式会社サンエー,003,化粧品,
20240717,5040,株式会社サンエー,004,日用品,
20240717,5040,株式会社サンエー,005,食品,
20240717,5120,島根県農業協同組合,001,医薬品,
20240717,5120,島根県農業協同組合,003,化粧品,
20240717,5120,島根県農業協同組合,004,日用品,
20240717,5120,島根県農業協同組合,005,食品,
20240717,5220,株式会社ヤスイ,001,医薬品,
20240717,5220,株式会社ヤスイ,003,化粧品,
20240717,5220,株式会社ヤスイ,004,日用品,
20240717,5220,株式会社ヤスイ,005,食品,
20240717,5270,株式会社遠鉄ストア,001,医薬品,
20240717,5270,株式会社遠鉄ストア,003,化粧品,
20240717,5270,株式会社遠鉄ストア,004,日用品,
20240717,5270,株式会社遠鉄ストア,005,食品,
20240717,5310,株式会社フード福井,001,医薬品,
20240717,5310,株式会社フード福井,003,化粧品,
20240717,5310,株式会社フード福井,004,日用品,
20240717,5310,株式会社フード福井,005,食品,
20240717,5320,株式会社ウィズハート,001,医薬品,
20240717,5320,株式会社ウィズハート,003,化粧品,
20240717,5320,株式会社ウィズハート,004,日用品,
20240717,5320,株式会社ウィズハート,005,食品,
20240717,5340,株式会社京成ストア,001,医薬品,
20240717,5340,株式会社京成ストア,003,化粧品,
20240717,5340,株式会社京成ストア,004,日用品,
20240717,5340,株式会社京成ストア,005,食品,
20240717,5350,株式会社東急ストア,001,医薬品,
20240717,5350,株式会社東急ストア,003,化粧品,
20240717,5350,株式会社東急ストア,004,日用品,
20240717,5350,株式会社東急ストア,005,食品,
20240717,5360,株式会社京王ストア,001,医薬品,
20240717,5360,株式会社京王ストア,003,化粧品,
20240717,5360,株式会社京王ストア,004,日用品,
20240717,5360,株式会社京王ストア,005,食品,
20240717,5370,東京シティ・エアターミナル株式会社,001,医薬品,
20240717,5370,東京シティ・エアターミナル株式会社,003,化粧品,
20240717,5370,東京シティ・エアターミナル株式会社,004,日用品,
20240717,5370,東京シティ・エアターミナル株式会社,005,食品,
20240717,5490,サンテラス株式会社,001,医薬品,
20240717,5490,サンテラス株式会社,003,化粧品,
20240717,5490,サンテラス株式会社,004,日用品,
20240717,5490,サンテラス株式会社,005,食品,
20240717,5994,新和観光株式会社,001,医薬品,
20240717,5994,新和観光株式会社,003,化粧品,
20240717,5994,新和観光株式会社,004,日用品,
20240717,5994,新和観光株式会社,005,食品,
20240717,7335,株式会社遠鉄ストア（調剤ＳＰ）,001,医薬品,
20240717,7335,株式会社遠鉄ストア（調剤ＳＰ）,003,化粧品,
20240717,7335,株式会社遠鉄ストア（調剤ＳＰ）,004,日用品,
20240717,7367,株式会社遠鉄ストア（調剤ＳＰＡ）,001,医薬品,
20240718,1000,株式会社マツモトキヨシ,001,医薬品,
20240718,1000,株式会社マツモトキヨシ,002,調剤,
20240718,1000,株式会社マツモトキヨシ,003,化粧品,
20240718,1000,株式会社マツモトキヨシ,004,日用品,
20240718,1000,株式会社マツモトキヨシ,005,食品,
20240718,1510,株式会社マツモトキヨシ東日本販売,001,医薬品,
20240718,1510,株式会社マツモトキヨシ東日本販売,002,調剤,
20240718,1510,株式会社マツモトキヨシ東日本販売,003,化粧品,
20240718,1510,株式会社マツモトキヨシ東日本販売,004,日用品,
20240718,1510,株式会社マツモトキヨシ東日本販売,005,食品,
20240718,2000,株式会社ココカラファインヘルスケア,001,医薬品,
20240718,2000,株式会社ココカラファインヘルスケア,002,調剤,
20240718,2000,株式会社ココカラファインヘルスケア,003,化粧品,
20240718,2000,株式会社ココカラファインヘルスケア,004,日用品,
20240718,2000,株式会社ココカラファインヘルスケア,005,食品,
20240718,2010,株式会社マツモトキヨシ甲信越販売,001,医薬品,
20240718,2010,株式会社マツモトキヨシ甲信越販売,002,調剤,
20240718,2010,株式会社マツモトキヨシ甲信越販売,003,化粧品,
20240718,2010,株式会社マツモトキヨシ甲信越販売,004,日用品,
20240718,2010,株式会社マツモトキヨシ甲信越販売,005,食品,
20240718,2030,株式会社ぱぱす,001,医薬品,
20240718,2030,株式会社ぱぱす,002,調剤,
20240718,2030,株式会社ぱぱす,003,化粧品,
20240718,2030,株式会社ぱぱす,004,日用品,
20240718,2030,株式会社ぱぱす,005,食品,
20240718,2080,株式会社マツモトキヨシ九州販売,001,医薬品,
20240718,2080,株式会社マツモトキヨシ九州販売,003,化粧品,
20240718,2080,株式会社マツモトキヨシ九州販売,004,日用品,
20240718,2080,株式会社マツモトキヨシ九州販売,005,食品,
20240718,2140,株式会社マツモトキヨシ中四国販売,001,医薬品,
20240718,2140,株式会社マツモトキヨシ中四国販売,002,調剤,
20240718,2140,株式会社マツモトキヨシ中四国販売,003,化粧品,
20240718,2140,株式会社マツモトキヨシ中四国販売,004,日用品,
20240718,2140,株式会社マツモトキヨシ中四国販売,005,食品,
20240718,2510,株式会社ＣＦＩＺ,001,医薬品,
20240718,2510,株式会社ＣＦＩＺ,003,化粧品,
20240718,2510,株式会社ＣＦＩＺ,004,日用品,
20240718,2510,株式会社ＣＦＩＺ,005,食品,
20240718,5010,株式会社京急ストア,001,医薬品,
20240718,5010,株式会社京急ストア,003,化粧品,
20240718,5010,株式会社京急ストア,004,日用品,
20240718,5010,株式会社京急ストア,005,食品,
20240718,5040,株式会社サンエー,001,医薬品,
20240718,5040,株式会社サンエー,003,化粧品,
20240718,5040,株式会社サンエー,004,日用品,
20240718,5040,株式会社サンエー,005,食品,
20240718,5120,島根県農業協同組合,001,医薬品,
20240718,5120,島根県農業協同組合,003,化粧品,
20240718,5120,島根県農業協同組合,004,日用品,
20240718,5120,島根県農業協同組合,005,食品,
20240718,5220,株式会社ヤスイ,001,医薬品,
20240718,5220,株式会社ヤスイ,003,化粧品,
20240718,5220,株式会社ヤスイ,004,日用品,
20240718,5220,株式会社ヤスイ,005,食品,
20240718,5270,株式会社遠鉄ストア,001,医薬品,
20240718,5270,株式会社遠鉄ストア,003,化粧品,
20240718,5270,株式会社遠鉄ストア,004,日用品,
20240718,5270,株式会社遠鉄ストア,005,食品,
20240718,5310,株式会社フード福井,001,医薬品,
20240718,5310,株式会社フード福井,003,化粧品,
20240718,5310,株式会社フード福井,004,日用品,
20240718,5310,株式会社フード福井,005,食品,
20240718,5320,株式会社ウィズハート,001,医薬品,
20240718,5320,株式会社ウィズハート,003,化粧品,
20240718,5320,株式会社ウィズハート,004,日用品,
20240718,5320,株式会社ウィズハート,005,食品,
20240718,5340,株式会社京成ストア,001,医薬品,
20240718,5340,株式会社京成ストア,003,化粧品,
20240718,5340,株式会社京成ストア,004,日用品,
20240718,5340,株式会社京成ストア,005,食品,
20240718,5350,株式会社東急ストア,001,医薬品,
20240718,5350,株式会社東急ストア,003,化粧品,
20240718,5350,株式会社東急ストア,004,日用品,
20240718,5350,株式会社東急ストア,005,食品,
20240718,5360,株式会社京王ストア,001,医薬品,
20240718,5360,株式会社京王ストア,003,化粧品,
20240718,5360,株式会社京王ストア,004,日用品,
20240718,5360,株式会社京王ストア,005,食品,
20240718,5370,東京シティ・エアターミナル株式会社,001,医薬品,
20240718,5370,東京シティ・エアターミナル株式会社,003,化粧品,
20240718,5370,東京シティ・エアターミナル株式会社,004,日用品,
20240718,5370,東京シティ・エアターミナル株式会社,005,食品,
20240718,5490,サンテラス株式会社,001,医薬品,
20240718,5490,サンテラス株式会社,003,化粧品,
20240718,5490,サンテラス株式会社,004,日用品,
20240718,5490,サンテラス株式会社,005,食品,
20240718,5994,新和観光株式会社,001,医薬品,
20240718,5994,新和観光株式会社,003,化粧品,
20240718,5994,新和観光株式会社,004,日用品,
20240718,5994,新和観光株式会社,005,食品,
20240718,7335,株式会社遠鉄ストア（調剤ＳＰ）,001,医薬品,
20240718,7335,株式会社遠鉄ストア（調剤ＳＰ）,004,日用品,
20240718,7367,株式会社遠鉄ストア（調剤ＳＰＡ）,001,医薬品,
20240719,1000,株式会社マツモトキヨシ,001,医薬品,
20240719,1000,株式会社マツモトキヨシ,002,調剤,
20240719,1000,株式会社マツモトキヨシ,003,化粧品,
20240719,1000,株式会社マツモトキヨシ,004,日用品,
20240719,1000,株式会社マツモトキヨシ,005,食品,
20240719,1510,株式会社マツモトキヨシ東日本販売,001,医薬品,
20240719,1510,株式会社マツモトキヨシ東日本販売,002,調剤,
20240719,1510,株式会社マツモトキヨシ東日本販売,003,化粧品,
20240719,1510,株式会社マツモトキヨシ東日本販売,004,日用品,
20240719,1510,株式会社マツモトキヨシ東日本販売,005,食品,
20240719,2000,株式会社ココカラファインヘルスケア,001,医薬品,
20240719,2000,株式会社ココカラファインヘルスケア,002,調剤,
20240719,2000,株式会社ココカラファインヘルスケア,003,化粧品,
20240719,2000,株式会社ココカラファインヘルスケア,004,日用品,
20240719,2000,株式会社ココカラファインヘルスケア,005,食品,
20240719,2010,株式会社マツモトキヨシ甲信越販売,001,医薬品,
20240719,2010,株式会社マツモトキヨシ甲信越販売,002,調剤,
20240719,2010,株式会社マツモトキヨシ甲信越販売,003,化粧品,
20240719,2010,株式会社マツモトキヨシ甲信越販売,004,日用品,
20240719,2010,株式会社マツモトキヨシ甲信越販売,005,食品,
20240719,2030,株式会社ぱぱす,001,医薬品,
20240719,2030,株式会社ぱぱす,002,調剤,
20240719,2030,株式会社ぱぱす,003,化粧品,
20240719,2030,株式会社ぱぱす,004,日用品,
20240719,2030,株式会社ぱぱす,005,食品,
20240719,2080,株式会社マツモトキヨシ九州販売,001,医薬品,
20240719,2080,株式会社マツモトキヨシ九州販売,003,化粧品,
20240719,2080,株式会社マツモトキヨシ九州販売,004,日用品,
20240719,2080,株式会社マツモトキヨシ九州販売,005,食品,
20240719,2140,株式会社マツモトキヨシ中四国販売,001,医薬品,
20240719,2140,株式会社マツモトキヨシ中四国販売,002,調剤,
20240719,2140,株式会社マツモトキヨシ中四国販売,003,化粧品,
20240719,2140,株式会社マツモトキヨシ中四国販売,004,日用品,
20240719,2140,株式会社マツモトキヨシ中四国販売,005,食品,
20240719,2510,株式会社ＣＦＩＺ,001,医薬品,
20240719,2510,株式会社ＣＦＩＺ,003,化粧品,
20240719,2510,株式会社ＣＦＩＺ,004,日用品,
20240719,2510,株式会社ＣＦＩＺ,005,食品,
20240719,5010,株式会社京急ストア,001,医薬品,
20240719,5010,株式会社京急ストア,003,化粧品,
20240719,5010,株式会社京急ストア,004,日用品,
20240719,5010,株式会社京急ストア,005,食品,
20240719,5040,株式会社サンエー,001,医薬品,
20240719,5040,株式会社サンエー,003,化粧品,
20240719,5040,株式会社サンエー,004,日用品,
20240719,5040,株式会社サンエー,005,食品,
20240719,5120,島根県農業協同組合,001,医薬品,
20240719,5120,島根県農業協同組合,003,化粧品,
20240719,5120,島根県農業協同組合,004,日用品,
20240719,5120,島根県農業協同組合,005,食品,
20240719,5220,株式会社ヤスイ,001,医薬品,
20240719,5220,株式会社ヤスイ,003,化粧品,
20240719,5220,株式会社ヤスイ,004,日用品,
20240719,5220,株式会社ヤスイ,005,食品,
20240719,5270,株式会社遠鉄ストア,001,医薬品,
20240719,5270,株式会社遠鉄ストア,003,化粧品,
20240719,5270,株式会社遠鉄ストア,004,日用品,
20240719,5270,株式会社遠鉄ストア,005,食品,
20240719,5310,株式会社フード福井,001,医薬品,
20240719,5310,株式会社フード福井,003,化粧品,
20240719,5310,株式会社フード福井,004,日用品,
20240719,5310,株式会社フード福井,005,食品,
20240719,5320,株式会社ウィズハート,001,医薬品,
20240719,5320,株式会社ウィズハート,003,化粧品,
20240719,5320,株式会社ウィズハート,004,日用品,
20240719,5320,株式会社ウィズハート,005,食品,
20240719,5340,株式会社京成ストア,001,医薬品,
20240719,5340,株式会社京成ストア,003,化粧品,
20240719,5340,株式会社京成ストア,004,日用品,
20240719,5340,株式会社京成ストア,005,食品,
20240719,5350,株式会社東急ストア,001,医薬品,
20240719,5350,株式会社東急ストア,003,化粧品,
20240719,5350,株式会社東急ストア,004,日用品,
20240719,5350,株式会社東急ストア,005,食品,
20240719,5360,株式会社京王ストア,001,医薬品,
20240719,5360,株式会社京王ストア,003,化粧品,
20240719,5360,株式会社京王ストア,004,日用品,
20240719,5360,株式会社京王ストア,005,食品,
20240719,5370,東京シティ・エアターミナル株式会社,001,医薬品,
20240719,5370,東京シティ・エアターミナル株式会社,003,化粧品,
20240719,5370,東京シティ・エアターミナル株式会社,004,日用品,
20240719,5370,東京シティ・エアターミナル株式会社,005,食品,
20240719,5490,サンテラス株式会社,001,医薬品,
20240719,5490,サンテラス株式会社,003,化粧品,
20240719,5490,サンテラス株式会社,004,日用品,
20240719,5490,サンテラス株式会社,005,食品,
20240719,5994,新和観光株式会社,001,医薬品,
20240719,5994,新和観光株式会社,003,化粧品,
20240719,5994,新和観光株式会社,004,日用品,
20240719,5994,新和観光株式会社,005,食品,
20240719,7335,株式会社遠鉄ストア（調剤ＳＰ）,001,医薬品,
20240719,7335,株式会社遠鉄ストア（調剤ＳＰ）,004,日用品,
20240719,7367,株式会社遠鉄ストア（調剤ＳＰＡ）,001,医薬品,
20240719,7367,株式会社遠鉄ストア（調剤ＳＰＡ）,004,日用品,
20240720,1000,株式会社マツモトキヨシ,001,医薬品,
20240720,1000,株式会社マツモトキヨシ,002,調剤,
20240720,1000,株式会社マツモトキヨシ,003,化粧品,
20240720,1000,株式会社マツモトキヨシ,004,日用品,
20240720,1000,株式会社マツモトキヨシ,005,食品,
20240720,1510,株式会社マツモトキヨシ東日本販売,001,医薬品,
20240720,1510,株式会社マツモトキヨシ東日本販売,002,調剤,
20240720,1510,株式会社マツモトキヨシ東日本販売,003,化粧品,
20240720,1510,株式会社マツモトキヨシ東日本販売,004,日用品,
20240720,1510,株式会社マツモトキヨシ東日本販売,005,食品,
20240720,2000,株式会社ココカラファインヘルスケア,001,医薬品,
20240720,2000,株式会社ココカラファインヘルスケア,002,調剤,
20240720,2000,株式会社ココカラファインヘルスケア,003,化粧品,
20240720,2000,株式会社ココカラファインヘルスケア,004,日用品,
20240720,2000,株式会社ココカラファインヘルスケア,005,食品,
20240720,2010,株式会社マツモトキヨシ甲信越販売,001,医薬品,
20240720,2010,株式会社マツモトキヨシ甲信越販売,002,調剤,
20240720,2010,株式会社マツモトキヨシ甲信越販売,003,化粧品,
20240720,2010,株式会社マツモトキヨシ甲信越販売,004,日用品,
20240720,2010,株式会社マツモトキヨシ甲信越販売,005,食品,
20240720,2030,株式会社ぱぱす,001,医薬品,
20240720,2030,株式会社ぱぱす,002,調剤,
20240720,2030,株式会社ぱぱす,003,化粧品,
20240720,2030,株式会社ぱぱす,004,日用品,
20240720,2030,株式会社ぱぱす,005,食品,
20240720,2080,株式会社マツモトキヨシ九州販売,001,医薬品,
20240720,2080,株式会社マツモトキヨシ九州販売,003,化粧品,
20240720,2080,株式会社マツモトキヨシ九州販売,004,日用品,
20240720,2080,株式会社マツモトキヨシ九州販売,005,食品,
20240720,2140,株式会社マツモトキヨシ中四国販売,001,医薬品,
20240720,2140,株式会社マツモトキヨシ中四国販売,002,調剤,
20240720,2140,株式会社マツモトキヨシ中四国販売,003,化粧品,
20240720,2140,株式会社マツモトキヨシ中四国販売,004,日用品,
20240720,2140,株式会社マツモトキヨシ中四国販売,005,食品,
20240720,2510,株式会社ＣＦＩＺ,001,医薬品,
20240720,2510,株式会社ＣＦＩＺ,003,化粧品,
20240720,2510,株式会社ＣＦＩＺ,004,日用品,
20240720,2510,株式会社ＣＦＩＺ,005,食品,
20240720,5010,株式会社京急ストア,001,医薬品,
20240720,5010,株式会社京急ストア,003,化粧品,
20240720,5010,株式会社京急ストア,004,日用品,
20240720,5010,株式会社京急ストア,005,食品,
20240720,5040,株式会社サンエー,001,医薬品,
20240720,5040,株式会社サンエー,003,化粧品,
20240720,5040,株式会社サンエー,004,日用品,
20240720,5040,株式会社サンエー,005,食品,
20240720,5120,島根県農業協同組合,001,医薬品,
20240720,5120,島根県農業協同組合,003,化粧品,
20240720,5120,島根県農業協同組合,004,日用品,
20240720,5120,島根県農業協同組合,005,食品,
20240720,5220,株式会社ヤスイ,001,医薬品,
20240720,5220,株式会社ヤスイ,003,化粧品,
20240720,5220,株式会社ヤスイ,004,日用品,
20240720,5220,株式会社ヤスイ,005,食品,
20240720,5270,株式会社遠鉄ストア,001,医薬品,
20240720,5270,株式会社遠鉄ストア,003,化粧品,
20240720,5270,株式会社遠鉄ストア,004,日用品,
20240720,5270,株式会社遠鉄ストア,005,食品,
20240720,5310,株式会社フード福井,001,医薬品,
20240720,5310,株式会社フード福井,003,化粧品,
20240720,5310,株式会社フード福井,004,日用品,
20240720,5310,株式会社フード福井,005,食品,
20240720,5320,株式会社ウィズハート,001,医薬品,
20240720,5320,株式会社ウィズハート,003,化粧品,
20240720,5320,株式会社ウィズハート,004,日用品,
20240720,5320,株式会社ウィズハート,005,食品,
20240720,5340,株式会社京成ストア,001,医薬品,
20240720,5340,株式会社京成ストア,003,化粧品,
20240720,5340,株式会社京成ストア,004,日用品,
20240720,5340,株式会社京成ストア,005,食品,
20240720,5350,株式会社東急ストア,001,医薬品,
20240720,5350,株式会社東急ストア,003,化粧品,
20240720,5350,株式会社東急ストア,004,日用品,
20240720,5350,株式会社東急ストア,005,食品,
20240720,5360,株式会社京王ストア,001,医薬品,
20240720,5360,株式会社京王ストア,003,化粧品,
20240720,5360,株式会社京王ストア,004,日用品,
20240720,5360,株式会社京王ストア,005,食品,
20240720,5370,東京シティ・エアターミナル株式会社,001,医薬品,
20240720,5370,東京シティ・エアターミナル株式会社,003,化粧品,
20240720,5370,東京シティ・エアターミナル株式会社,004,日用品,
20240720,5370,東京シティ・エアターミナル株式会社,005,食品,
20240720,5490,サンテラス株式会社,001,医薬品,
20240720,5490,サンテラス株式会社,003,化粧品,
20240720,5490,サンテラス株式会社,004,日用品,
20240720,5490,サンテラス株式会社,005,食品,
20240720,5994,新和観光株式会社,001,医薬品,
20240720,5994,新和観光株式会社,003,化粧品,
20240720,5994,新和観光株式会社,004,日用品,
20240720,5994,新和観光株式会社,005,食品,
20240720,7335,株式会社遠鉄ストア（調剤ＳＰ）,001,医薬品,
20240720,7335,株式会社遠鉄ストア（調剤ＳＰ）,004,日用品,
20240720,7367,株式会社遠鉄ストア（調剤ＳＰＡ）,001,医薬品,
20240720,7367,株式会社遠鉄ストア（調剤ＳＰＡ）,004,日用品,
20240721,1000,株式会社マツモトキヨシ,001,医薬品,
20240721,1000,株式会社マツモトキヨシ,002,調剤,
20240721,1000,株式会社マツモトキヨシ,003,化粧品,
20240721,1000,株式会社マツモトキヨシ,004,日用品,
20240721,1000,株式会社マツモトキヨシ,005,食品,
20240721,1510,株式会社マツモトキヨシ東日本販売,001,医薬品,
20240721,1510,株式会社マツモトキヨシ東日本販売,002,調剤,
20240721,1510,株式会社マツモトキヨシ東日本販売,003,化粧品,
20240721,1510,株式会社マツモトキヨシ東日本販売,004,日用品,
20240721,1510,株式会社マツモトキヨシ東日本販売,005,食品,
20240721,2000,株式会社ココカラファインヘルスケア,001,医薬品,
20240721,2000,株式会社ココカラファインヘルスケア,002,調剤,
20240721,2000,株式会社ココカラファインヘルスケア,003,化粧品,
20240721,2000,株式会社ココカラファインヘルスケア,004,日用品,
20240721,2000,株式会社ココカラファインヘルスケア,005,食品,
20240721,2010,株式会社マツモトキヨシ甲信越販売,001,医薬品,
20240721,2010,株式会社マツモトキヨシ甲信越販売,003,化粧品,
20240721,2010,株式会社マツモトキヨシ甲信越販売,004,日用品,
20240721,2010,株式会社マツモトキヨシ甲信越販売,005,食品,
20240721,2030,株式会社ぱぱす,001,医薬品,
20240721,2030,株式会社ぱぱす,002,調剤,
20240721,2030,株式会社ぱぱす,003,化粧品,
20240721,2030,株式会社ぱぱす,004,日用品,
20240721,2030,株式会社ぱぱす,005,食品,
20240721,2080,株式会社マツモトキヨシ九州販売,001,医薬品,
20240721,2080,株式会社マツモトキヨシ九州販売,003,化粧品,
20240721,2080,株式会社マツモトキヨシ九州販売,004,日用品,
20240721,2080,株式会社マツモトキヨシ九州販売,005,食品,
20240721,2140,株式会社マツモトキヨシ中四国販売,001,医薬品,
20240721,2140,株式会社マツモトキヨシ中四国販売,003,化粧品,
20240721,2140,株式会社マツモトキヨシ中四国販売,004,日用品,
20240721,2140,株式会社マツモトキヨシ中四国販売,005,食品,
20240721,2510,株式会社ＣＦＩＺ,001,医薬品,
20240721,2510,株式会社ＣＦＩＺ,003,化粧品,
20240721,2510,株式会社ＣＦＩＺ,004,日用品,
20240721,2510,株式会社ＣＦＩＺ,005,食品,
20240721,5010,株式会社京急ストア,001,医薬品,
20240721,5010,株式会社京急ストア,003,化粧品,
20240721,5010,株式会社京急ストア,004,日用品,
20240721,5010,株式会社京急ストア,005,食品,
20240721,5040,株式会社サンエー,001,医薬品,
20240721,5040,株式会社サンエー,003,化粧品,
20240721,5040,株式会社サンエー,004,日用品,
20240721,5040,株式会社サンエー,005,食品,
20240721,5120,島根県農業協同組合,001,医薬品,
20240721,5120,島根県農業協同組合,003,化粧品,
20240721,5120,島根県農業協同組合,004,日用品,
20240721,5120,島根県農業協同組合,005,食品,
20240721,5220,株式会社ヤスイ,001,医薬品,
20240721,5220,株式会社ヤスイ,003,化粧品,
20240721,5220,株式会社ヤスイ,004,日用品,
20240721,5220,株式会社ヤスイ,005,食品,
20240721,5270,株式会社遠鉄ストア,001,医薬品,
20240721,5270,株式会社遠鉄ストア,003,化粧品,
20240721,5270,株式会社遠鉄ストア,004,日用品,
20240721,5270,株式会社遠鉄ストア,005,食品,
20240721,5310,株式会社フード福井,001,医薬品,
20240721,5310,株式会社フード福井,003,化粧品,
20240721,5310,株式会社フード福井,004,日用品,
20240721,5310,株式会社フード福井,005,食品,
20240721,5320,株式会社ウィズハート,001,医薬品,
20240721,5320,株式会社ウィズハート,003,化粧品,
20240721,5320,株式会社ウィズハート,004,日用品,
20240721,5320,株式会社ウィズハート,005,食品,
20240721,5340,株式会社京成ストア,001,医薬品,
20240721,5340,株式会社京成ストア,003,化粧品,
20240721,5340,株式会社京成ストア,004,日用品,
20240721,5340,株式会社京成ストア,005,食品,
20240721,5350,株式会社東急ストア,001,医薬品,
20240721,5350,株式会社東急ストア,003,化粧品,
20240721,5350,株式会社東急ストア,004,日用品,
20240721,5350,株式会社東急ストア,005,食品,
20240721,5360,株式会社京王ストア,001,医薬品,
20240721,5360,株式会社京王ストア,003,化粧品,
20240721,5360,株式会社京王ストア,004,日用品,
20240721,5360,株式会社京王ストア,005,食品,
20240721,5370,東京シティ・エアターミナル株式会社,001,医薬品,
20240721,5370,東京シティ・エアターミナル株式会社,003,化粧品,
20240721,5370,東京シティ・エアターミナル株式会社,004,日用品,
20240721,5370,東京シティ・エアターミナル株式会社,005,食品,
20240721,5490,サンテラス株式会社,001,医薬品,
20240721,5490,サンテラス株式会社,003,化粧品,
20240721,5490,サンテラス株式会社,004,日用品,
20240721,5490,サンテラス株式会社,005,食品,
20240721,5994,新和観光株式会社,001,医薬品,
20240721,5994,新和観光株式会社,003,化粧品,
20240721,5994,新和観光株式会社,004,日用品,
20240721,5994,新和観光株式会社,005,食品,
20240722,1000,株式会社マツモトキヨシ,001,医薬品,
20240722,1000,株式会社マツモトキヨシ,002,調剤,
20240722,1000,株式会社マツモトキヨシ,003,化粧品,
20240722,1000,株式会社マツモトキヨシ,004,日用品,
20240722,1000,株式会社マツモトキヨシ,005,食品,
20240722,1510,株式会社マツモトキヨシ東日本販売,001,医薬品,
20240722,1510,株式会社マツモトキヨシ東日本販売,002,調剤,
20240722,1510,株式会社マツモトキヨシ東日本販売,003,化粧品,
20240722,1510,株式会社マツモトキヨシ東日本販売,004,日用品,
20240722,1510,株式会社マツモトキヨシ東日本販売,005,食品,
20240722,2000,株式会社ココカラファインヘルスケア,001,医薬品,
20240722,2000,株式会社ココカラファインヘルスケア,002,調剤,
20240722,2000,株式会社ココカラファインヘルスケア,003,化粧品,
20240722,2000,株式会社ココカラファインヘルスケア,004,日用品,
20240722,2000,株式会社ココカラファインヘルスケア,005,食品,
20240722,2010,株式会社マツモトキヨシ甲信越販売,001,医薬品,
20240722,2010,株式会社マツモトキヨシ甲信越販売,002,調剤,
20240722,2010,株式会社マツモトキヨシ甲信越販売,003,化粧品,
20240722,2010,株式会社マツモトキヨシ甲信越販売,004,日用品,
20240722,2010,株式会社マツモトキヨシ甲信越販売,005,食品,
20240722,2030,株式会社ぱぱす,001,医薬品,
20240722,2030,株式会社ぱぱす,002,調剤,
20240722,2030,株式会社ぱぱす,003,化粧品,
20240722,2030,株式会社ぱぱす,004,日用品,
20240722,2030,株式会社ぱぱす,005,食品,
20240722,2080,株式会社マツモトキヨシ九州販売,001,医薬品,
20240722,2080,株式会社マツモトキヨシ九州販売,003,化粧品,
20240722,2080,株式会社マツモトキヨシ九州販売,004,日用品,
20240722,2080,株式会社マツモトキヨシ九州販売,005,食品,
20240722,2140,株式会社マツモトキヨシ中四国販売,001,医薬品,
20240722,2140,株式会社マツモトキヨシ中四国販売,002,調剤,
20240722,2140,株式会社マツモトキヨシ中四国販売,003,化粧品,
20240722,2140,株式会社マツモトキヨシ中四国販売,004,日用品,
20240722,2140,株式会社マツモトキヨシ中四国販売,005,食品,
20240722,2510,株式会社ＣＦＩＺ,001,医薬品,
20240722,2510,株式会社ＣＦＩＺ,003,化粧品,
20240722,2510,株式会社ＣＦＩＺ,004,日用品,
20240722,2510,株式会社ＣＦＩＺ,005,食品,
20240722,5010,株式会社京急ストア,001,医薬品,
20240722,5010,株式会社京急ストア,003,化粧品,
20240722,5010,株式会社京急ストア,004,日用品,
20240722,5010,株式会社京急ストア,005,食品,
20240722,5040,株式会社サンエー,001,医薬品,
20240722,5040,株式会社サンエー,003,化粧品,
20240722,5040,株式会社サンエー,004,日用品,
20240722,5040,株式会社サンエー,005,食品,
20240722,5120,島根県農業協同組合,001,医薬品,
20240722,5120,島根県農業協同組合,003,化粧品,
20240722,5120,島根県農業協同組合,004,日用品,
20240722,5120,島根県農業協同組合,005,食品,
20240722,5220,株式会社ヤスイ,001,医薬品,
20240722,5220,株式会社ヤスイ,003,化粧品,
20240722,5220,株式会社ヤスイ,004,日用品,
20240722,5220,株式会社ヤスイ,005,食品,
20240722,5270,株式会社遠鉄ストア,001,医薬品,
20240722,5270,株式会社遠鉄ストア,003,化粧品,
20240722,5270,株式会社遠鉄ストア,004,日用品,
20240722,5270,株式会社遠鉄ストア,005,食品,
20240722,5310,株式会社フード福井,001,医薬品,
20240722,5310,株式会社フード福井,003,化粧品,
20240722,5310,株式会社フード福井,004,日用品,
20240722,5310,株式会社フード福井,005,食品,
20240722,5320,株式会社ウィズハート,001,医薬品,
20240722,5320,株式会社ウィズハート,003,化粧品,
20240722,5320,株式会社ウィズハート,004,日用品,
20240722,5320,株式会社ウィズハート,005,食品,
20240722,5340,株式会社京成ストア,001,医薬品,
20240722,5340,株式会社京成ストア,003,化粧品,
20240722,5340,株式会社京成ストア,004,日用品,
20240722,5340,株式会社京成ストア,005,食品,
20240722,5350,株式会社東急ストア,001,医薬品,
20240722,5350,株式会社東急ストア,003,化粧品,
20240722,5350,株式会社東急ストア,004,日用品,
20240722,5350,株式会社東急ストア,005,食品,
20240722,5360,株式会社京王ストア,001,医薬品,
20240722,5360,株式会社京王ストア,003,化粧品,
20240722,5360,株式会社京王ストア,004,日用品,
20240722,5360,株式会社京王ストア,005,食品,
20240722,5370,東京シティ・エアターミナル株式会社,001,医薬品,
20240722,5370,東京シティ・エアターミナル株式会社,003,化粧品,
20240722,5370,東京シティ・エアターミナル株式会社,004,日用品,
20240722,5370,東京シティ・エアターミナル株式会社,005,食品,
20240722,5490,サンテラス株式会社,001,医薬品,
20240722,5490,サンテラス株式会社,003,化粧品,
20240722,5490,サンテラス株式会社,004,日用品,
20240722,5490,サンテラス株式会社,005,食品,
20240722,5994,新和観光株式会社,001,医薬品,
20240722,5994,新和観光株式会社,003,化粧品,
20240722,5994,新和観光株式会社,004,日用品,
20240722,5994,新和観光株式会社,005,食品,
20240722,7335,株式会社遠鉄ストア（調剤ＳＰ）,001,医薬品,
20240722,7335,株式会社遠鉄ストア（調剤ＳＰ）,004,日用品,
20240722,7367,株式会社遠鉄ストア（調剤ＳＰＡ）,001,医薬品,
20240722,7367,株式会社遠鉄ストア（調剤ＳＰＡ）,004,日用品,
